STORE_NUM,CHEMICAL__,AKA1,AKA2,CLS,RPT_CDE,RPT_UNIT,MCL,TRIGGER_AM,DLR,RPHL,CHEM_SORT_
508N,NEGATIVE 508 (PESTICIDES & PCB),NA,NA,B,XX,UG/L,0,0,0,0,NEGATIVE 508 (PESTICIDES & PCB
525N,NEGATIVE 525 (BNA),NA,NA,B,XX,UG/L,0,0,0,0,NEGATIVE 525 (BNA)
00010,SOURCE TEMPERATURE C,NA,NA,T,XX,C,0,0,0,0,SOURCE TEMPERATURE C
00081,COLOR,"COLOR, APPARENT (UNFILTERED)",NA,T,GP,UNITS,15,15,0,0,COLOR
00086,ODOR THRESHOLD @ 60 C,NA,NA,T,GP,TON,3,3,1,0,ODOR THRESHOLD @ 60 C
00095,SPECIFIC CONDUCTANCE,E.C.,NA,T,GP,US,1600,1600,0,0,SPECIFIC CONDUCTANCE
00400,"PH, FIELD",NA,NA,T,XX,NA,0,0,0,0,"PH, FIELD"
00403,"PH, LABORATORY",NA,NA,T,GP,NA,0,0,0,0,"PH, LABORATORY"
00410,ALKALINITY (TOTAL) AS CACO3,NA,NA,T,XX,MG/L,0,0,0,0,ALKALINITY (TOTAL) AS CACO3
00440,BICARBONATE ALKALINITY,HCO3,BICARBONATE,T,GP,MG/L,0,0,0,0,BICARBONATE ALKALINITY
00445,CARBONATE ALKALINITY,CO3,CARBONATE,T,GP,MG/L,0,0,0,0,CARBONATE ALKALINITY
00612,AMMONIA (NH3-N),NH3-N,NA,T,XX,MG/L,0,0,0,0,AMMONIA (NH3-N)
00618,NITRATE (AS N),NA,NA,T,NI,MG/L,10,5,0.4,10,NITRATE (AS N)
00620,NITRITE (AS N),NA,NA,T,NI,UG/L,1e3,500,400,0,NITRITE (AS N)
00650,PHOSPHATE (AS PO4),NA,NA,T,XX,UG/L,0,0,0,0,PHOSPHATE
00660,"PHOSPHATE, ORTHO",ORTHO PHOSPHATE,NA,X,IO,MG/L,0,0,0,0,"PHOSPHATE, ORTHO"
00680,TOTAL ORGANIC CARBON (TOC),TOC,NA,T,XX,MG/L,0,0,0.3,0,TOTAL ORGANIC CARBON (TOC)
00726,SODIUM CHLORATE,NA,NA,A,XX,UG/L,0,0,0,0,SODIUM CHLORATE
00745,SULFIDE,NA,NA,T,XX,MG/L,0,0,0,0,SULFIDE
00900,HARDNESS (TOTAL) AS CACO3,NA,NA,T,GP,MG/L,0,0,0,0,HARDNESS (TOTAL) AS CACO3
00916,CALCIUM,CA,NA,T,GP,MG/L,0,0,0,0,CALCIUM
00927,MAGNESIUM,MG,NA,T,GP,MG/L,0,0,0,0,MAGNESIUM
00929,SODIUM,"NA",NA,T,GP,MG/L,0,0,0,0,SODIUM
00931,SODIUM ABSORPTION RATIO,NA,NA,T,XX,NA,0,0,0,0,SODIUM ABSORPTION RATIO
00937,POTASSIUM,K,NA,T,XX,MG/L,0,0,0,0,POTASSIUM
00940,CHLORIDE,CL,NA,T,GP,MG/L,500,500,0,0,CHLORIDE
00945,SULFATE,SO4,NA,T,GP,MG/L,500,500,0.5,0,SULFATE
00951,FLUORIDE (F) (NATURAL-SOURCE),F,NA,T,IO,MG/L,2,2,0.1,1.4,FLUORIDE (F) (NATURAL-SOURCE)
00955,SILICA,NA,NA,T,XX,MG/L,0,0,0,0,SILICA
01002,ARSENIC,AS,NA,T,IO,UG/L,10,5,2,0.002,ARSENIC
01007,BARIUM,BA,NA,T,IO,UG/L,1e3,1000,100,600,BARIUM
01012,BERYLLIUM,NA,NA,T,IO,UG/L,4,4,1,0,BERYLLIUM
01020,BORON,B,NA,T,XX,UG/L,0,0,100,0,BORON
01027,CADMIUM,CD,NA,T,IO,UG/L,5,5,1,0,CADMIUM
01032,"CHROMIUM, HEXAVALENT",CHROMIUM VI,CHROMIUM 6,T,IO,UG/L,10,10,1,0,"CHROMIUM, HEXAVALENT"
01034,CHROMIUM (TOTAL),CR,NA,T,IO,UG/L,50,50,10,2,CHROMIUM (TOTAL)
01035,COBALT,NA,NA,T,XX,UG/L,0,0,0,0,COBALT
01042,COPPER,CU,NA,T,GP,UG/L,1e3,1000,50,0,COPPER
01045,IRON,FE,NA,T,GP,UG/L,300,300,100,0,IRON
01046,"IRON, DISSOLVED",NA,NA,T,XX,UG/L,0,0,0,0,"IRON, DISSOLVED"
01051,LEAD,PB,NA,T,IO,UG/L,0,15,5,0,LEAD
01055,MANGANESE,MN,NA,T,GP,UG/L,50,50,20,0,MANGANESE
01056,"MANGANESE, DISSOLVED",NA,NA,X,XX,UG/L,50,50,0,0,"MANGANESE, DISSOLVED"
01059,THALLIUM,NA,NA,T,IO,UG/L,2,2,1,0.5,THALLIUM
01062,MOLYDBENDUM,NA,NA,T,XX,UG/L,0,0,0,0,MOLYDBENDUM
01067,NICKEL,NA,NA,T,IO,UG/L,100,100,10,0,NICKEL
01077,SILVER,AG,NA,T,GP,UG/L,100,100,10,0,SILVER
01087,VANADIUM,V,NA,T,XX,UG/L,0,0,3,0,VANADIUM
01092,ZINC,ZN,NA,T,GP,UG/L,5e3,5000,50,0,ZINC
01097,ANTIMONY,NA,NA,T,IO,UG/L,6,6,6,0,ANTIMONY
01105,ALUMINUM,NA,NA,T,IO,UG/L,1e3,200,50,600,ALUMINUM
01106,"ALUMINUM, DISSOLVED",NA,NA,T,XX,UG/L,1e3,200,0,0,"ALUMINUM, DISSOLVED"
01132,LITHIUM,NA,NA,T,XX,UG/L,0,0,0,0,LITHIUM
01147,SELENIUM,SE,NA,T,IO,UG/L,50,50,5,10,SELENIUM
01291,CYANIDE,NA,NA,T,IO,UG/L,150,150,100,0,CYANIDE
01302,LAMPREYCIDE,NA,NA,A,XX,UG/L,0,0,0,0,LAMPREYCIDE
01501,GROSS ALPHA,TOTAL ALPHA,NA,R,RA,PCI/L,15,5,3,0,GROSS ALPHA
01502,GROSS ALPHA COUNTING ERROR,TOTAL ALPHA COUNTING ERROR,NA,R,RA,PCI/L,0,0,0,0,GROSS ALPHA COUNTING ERROR
03501,GROSS BETA,TOTAL BETA,NA,R,RA,PCI/L,50,50,4,0,GROSS BETA
03502,GROSS BETA COUNTING ERROR,TOTAL BETA COUNTING ERROR,NA,R,RA,PCI/L,0,0,0,0,GROSS BETA COUNTING ERROR
04095,FONOFOS,NA,NA,A,XX,UG/L,0,0,0,0,FONOFOS
04240,ACETOCHLOR,NA,NA,A,XX,UG/L,0,0,0,0,ACETOCHLOR
07000,TRITIUM,TOTAL TRITIUM,NA,R,RA,PCI/L,2e4,20000,1e3,0,TRITIUM
07001,TRITIUM COUNTING ERROR,TOTAL TRITIUM COUNTING ERROR,NA,R,RA,PCI/L,0,0,0,0,TRITIUM COUNTING ERROR
09501,RADIUM 226,TOTAL RADIUM 226,NA,R,RA,PCI/L,0,0,1,0,RADIUM 226
09502,RADIUM 226 COUNTING ERROR,TOTL RADIUM 226 COUNTING ERROR,NA,R,RA,PCI/L,0,0,0,0,RADIUM 226 COUNTING ERROR
11501,RADIUM 228,TOT RADIUM 228 COUNTING ERROR,NA,R,RA,PCI/L,0,0,1,0,RADIUM 228
11502,RADIUM 228 COUNTING ERROR,TOT RADIUM 228 COUNTING ERROR,NA,R,RA,PCI/L,0,0,0,0,RADIUM 228 COUNTING ERROR
11503,COMBINED RA 226 + RA 228,NA,NA,R,RA,PCI/L,5,5,0,0,COMBINED RA 226 + RA 228
11504,COMBINED RA 226 + RA 228 COUNTING ERROR,NA,NA,R,RA,PCI/L,0,0,0,0,COMBINED RA 226 + RA 228 COUNT
13501,STRONTIUM-90,TOTAL STRONTIUM - 90,NA,R,RA,PCI/L,8,8,2,0,STRONTIUM-90
13502,STRONTIUM-90 COUNTING ERROR,TOT STRONTIUM-90 COUNTING ERRO,NA,R,RA,PCI/L,0,0,0,0,STRONTIUM-90 COUNTING ERROR
28012,URANIUM (PCI/L),NATURAL URANIUM,NA,R,RA,PCI/L,20,20,1,0,URANIUM
32101,BROMODICHLORMETHANE (THM),DICHLOROBROMOMETHANE,NA,P,UA,UG/L,0,0,1,0,BROMODICHLORMETHANE (THM)
32102,CARBON TETRACHLORIDE,NA,NA,P,S1,UG/L,0.5,0.5,0.5,0.5,CARBON TETRACHLORIDE
32104,BROMOFORM (THM),BROMOFORM,NA,P,UA,UG/L,0,0,1,0,BROMOFORM (THM)
32105,DIBROMOCHLOROMETHANE (THM),CHLORODIBROMOMETHANE,NA,P,UA,UG/L,0,0,1,0,DIBROMOCHLOROMETHANE (THM)
32106,CHLOROFORM (THM),TRICHLOROMETHANE,CHLOROFORM,P,UA,UG/L,0,0,1,0,CHLOROFORM (THM)
34010,TOLUENE,NA,NA,P,S1,UG/L,150,0.5,0.5,0,TOLUENE
34030,BENZENE,BENZOL,NA,A,S1,UG/L,1,0.5,0.5,0.4,BENZENE
34200,ACENAPHTHYLENE,NA,NA,B,XX,UG/L,0,0,5,0,ACENAPHTHYLENE
34205,ACENAPHTHENE,NA,NA,B,XX,UG/L,0,0,5,0,ACENAPHTHENE
34210,ACROLEIN,AQUALIN,NA,A,XX,UG/L,0,0,0,0,ACROLEIN
34216,ACRYLONITRILE,ACRITET,VENTOX,A,XX,UG/L,0,0,0,0,ACRYLONITRILE
34220,ANTHRACENE,NA,NA,B,XX,UG/L,0,0,5,0,ANTHRACENE
34230,BENZO (B) FLUORANTHENE,NA,NA,B,XX,UG/L,0,0,10,0,BENZO (B) FLUORANTHENE
34242,BENZO (K) FLUORANTHENE,NA,NA,B,XX,UG/L,0,0,10,0,BENZO (K) FLUORANTHENE
34247,BENZO (A) PYRENE,NA,NA,B,S2,UG/L,0.2,0.1,0.1,0.002,BENZO (A) PYRENE
34259,DELTA-BHC,NA,NA,A,XX,UG/L,0,0,0.05,0,DELTA-BHC
34273,BIS (2-CHLOROETHYL) ETHER,NA,NA,B,XX,UG/L,0,0,0,0,ETHER BIS (2-CHLOROETHYL)
34278,BIS (2-CHLOROETHOXY) METHANE,NA,NA,B,XX,UG/L,0,0,5,0,METHANE BIS (2-CHLOROETHOXY)
34283,BIS (2-CHLOROISOPROPYL) ETHER,NA,NA,B,XX,UG/L,0,0,5,0,ETHER BIS (2-CHLOROISOPROPYL)
34292,BENZYL BUTYL PHTHALATE,NA,NA,B,XX,UG/L,0,0,10,0,BENZYL BUTYL PHTHALATE
34301,MONOCHLOROBENZENE,CHLOROBENZENE,NA,P,S1,UG/L,70,0.5,0.5,30,MONOCHLOROBENZENE
34307,CHLORODIBROMOMETHANE,NA,NA,P,XX,UG/L,100,100,0,0,CHLORODIBROMOMETHANE
34311,CHLOROETHANE,NA,NA,P,UA,UG/L,0,0.5,0.5,0,CHLOROETHANE
34320,CHRYSENE,NA,NA,B,XX,UG/L,0,0,5,0,CHRYSENE
34328,DICHLORBROMOMETHANE,NA,NA,P,XX,UG/L,100,100,0,0,DICHLORBROMOMETHANE
34336,DIETHYL PHTHALATE,NA,NA,B,XX,UG/L,0,0,5,0,DIETHYL PHTHALATE
34341,DIMETHYL PHTHALATE,NA,NA,B,XX,UG/L,0,0,5,0,DIMETHYL PHTHALATE
34346,"1,2-DIPHENYLHYDRAZINE",NA,NA,P,XX,UG/L,0,0,0,0,"DIPHENYLHYDRAZINE-1,2"
34351,ENDOSULFAN SULFATE,NA,NA,A,XX,UG/L,0,0,0.05,0,ENDOSULFAN SULFATE
34356,ENDOSULFAN II,NA,NA,A,XX,UG/L,0,0,0.01,0,ENDOSULFAN II
34361,ENDOSULFAN I,NA,NA,A,XX,UG/L,0,0,0.01,0,ENDOSULFAN I
34366,ENDRIN ALDEHYDE,NA,NA,A,XX,UG/L,0,0,0.05,0,ENDRIN ALDEHYDE
34371,ETHYLBENZENE,ETHYL BENZENE,NA,P,S1,UG/L,300,0.5,0.5,680,ETHYLBENZENE
34376,FLUORANTHENE,NA,NA,B,XX,UG/L,0,0,5,0,FLUORANTHENE
34381,FLUORENE,NA,NA,B,XX,UG/L,0,0,5,0,FLUORENE
34386,HEXACHLOROCYCLOPENTADIENE,NA,NA,B,S2,UG/L,50,1,1,0,HEXACHLOROCYCLOPENTADIENE
34391,HEXACHLOROBUTADIENE,NA,NA,B,UB,UG/L,0,0.5,0.5,0,HEXACHLOROBUTADIENE
34396,HEXACHLOROETHANE,NA,NA,B,XX,UG/L,0,0,5,0,HEXACHLOROETHANE
34403,"INDENO (1,2,3-CD) PYRENE",NA,NA,B,XX,UG/L,0,0,10,0,"INDENO (1,2,3-CD) PYRENE"
34408,ISOPHORONE,NA,NA,B,XX,UG/L,0,0,10,0,ISOPHORONE
34413,BROMOMETHANE,METHYL BROMIDE,NA,A,UA,UG/L,0,0.5,0.5,0,BROMOMETHANE
34418,CHLOROMETHANE,METHYL CHLORIDE,NA,A,UA,UG/L,0,0.5,0.5,0,CHLOROMETHANE
34423,DICHLOROMETHANE,METHYLENE CHLORIDE,NA,P,S1,UG/L,5,0.5,0.5,3,DICHLOROMETHANE
34428,N-NITROSODI-N-PROPYLAMINE (NDPA),NA,NA,B,XX,UG/L,0,0,0,0,N-NITROSODI-N-PROPYLAMINE
34433,N-NITROSODIPHENYLAMINE,NA,NA,B,XX,UG/L,0,0,0,0,N-NITROSODIPHENYLAMINE
34438,N-NITROSODIMETHYLAMINE (NDMA),NA,NA,B,XX,UG/L,0,0,0,0,N-NITROSODIMETHYLAMINE (NDMA)
34447,NITROBENZENE,NA,NA,B,XX,UG/L,0,0,0,0,NITROBENZENE
34452,4-CHLORO-3-METHYLPHENOL,NA,NA,B,XX,UG/L,0,0,5,0,CHLOROMETHYLPHENOL-4-3
34453,PARACHLOROMETA CRESOL,NA,NA,X,XX,UG/L,0,0,0,0,PARACHLOROMETA CRESOL
34461,PHENANTHRENE,NA,NA,B,XX,UG/L,0,0,5,0,PHENANTHRENE
34469,PYRENE,NA,NA,B,XX,UG/L,0,0,5,0,PYRENE
34475,TETRACHLOROETHYLENE,PCE,NA,P,S1,UG/L,5,0.5,0.5,0.7,TETRACHLOROETHYLENE
34488,TRICHLOROFLUOROMETHANE,FREON 11,NA,P,S1,UG/L,150,5,5,150,TRICHLOROFLUOROMETHANE
34496,"1,1-DICHLOROETHANE","1,1-DCA",NA,P,S1,UG/L,5,0.5,0.5,5,"DICHLOROETHANE-1,1"
34501,"1,1-DICHLOROETHYLENE","1,1-DCE",NA,P,S1,UG/L,6,0.5,0.5,6,"DICHLOROETHYLENE-1,1"
34506,"1,1,1-TRICHLOROETHANE","1,1,1-TCA",TCA,P,S1,UG/L,200,0.5,0.5,200,"TRICHLOROETHANE-1,1,1"
34511,"1,1,2-TRICHLOROETHANE","1,1,2-TCA",NA,P,S1,UG/L,5,0.5,0.5,1,"TRICHLOROETHANE-1,1,2"
34516,"1,1,2,2-TETRACHLOROETHANE",NA,NA,P,S1,UG/L,1,0.5,0.5,1,"TETRACHLOROETHANE-1,1,2,2"
34521,BENZO (GHI) PERYLENE,NA,NA,B,XX,UG/L,0,0,10,0,BENZO (GHI) PERYLENE
34526,BENZO (A) ANTHRACENE,NA,NA,B,XX,UG/L,0,0,10,0,BENZO (A) ANTHRACENE
34531,"1,2-DICHLOROETHANE","1,2-DCA",NA,P,S1,UG/L,0.5,0.5,0.5,0.3,"DICHLOROETHANE-1,2"
34536,"1,2-DICHLOROBENZENE",O-DCB,NA,P,S1,UG/L,600,0.5,0.5,0,DICHLOROBENZENE-1.2
34541,"1,2-DICHLOROPROPANE",D-D,NA,A,S1,UG/L,5,0.5,0.5,5,DICHLOROPROPANE-1.2
34546,"TRANS-1,2-DICHLOROETHYLENE",NA,NA,P,S1,UG/L,10,0.5,0.5,10,"DICHLOROETHYLENE-TRANS-1,2"
34551,"1,2,4-TRICHLOROBENZENE",NA,NA,B,S1,UG/L,5,0.5,0.5,0,"TRICHLOROBENZENE-1,2,4"
34556,"DIBENZO (A,H) ANTHRACENE",NA,NA,B,XX,UG/L,0,0,5,0,"DIBENZO (A,H) ANTHRACENE"
34561,"1,3-DICHLOROPROPENE (TOTAL)","TOTAL 1,3-DICHLOROPROPENE",NA,P,S1,UG/L,0.5,0.5,0.5,0.2,"DICHLOROPROPENE-1,3 (TOTAL)"
34566,"1,3-DICHLOROBENZENE",M-DCB,NA,P,UA,UG/L,0,0,0.5,0,"DICHLOROBENZENE-1,3"
34571,"1,4-DICHLOROBENZENE",P-DCB,NA,P,S1,UG/L,5,0.5,0.5,1,"DICHLOROBENZENE-1,4"
34576,2-CHLOROETHYLVINYL ETHER,NA,NA,P,XX,UG/L,0,0,0,0,CHLOROETHYLVINYL ETHER-2
34581,2-CHLORONAPHTHALENE,NA,NA,B,XX,UG/L,0,0,5,0,CHLORONAPHTHALENE-2
34586,2-CHLOROPHENOL,NA,NA,B,XX,UG/L,0,0,5,0,CHLOROPHENOL-2
34591,2-NITROPHENOL,NA,NA,B,XX,UG/L,0,0,5,0,NITROPHENOL-2
34596,DI-N-OCTYLPHTHALATE,NA,NA,B,XX,UG/L,0,0,5,0,DI-N-OCTYLPHTHALATE
34601,"2,4-DICHLOROPHENOL",NA,NA,B,XX,UG/L,0,0,5,0,"DICHLOROPHENOL-2,4"
34606,"2,4-DIMETHYLPHENOL",NA,NA,B,XX,UG/L,0,100,5,0,"DIMETHYLPHENOL-2,4"
34611,"2,4-DINITROTOLUENE",NA,NA,B,XX,UG/L,0,0,5,0,"DINITROTOLUENE-2,4"
34616,"2,4-DINITROPHENOL",NA,NA,B,XX,UG/L,0,0,5,0,"DINITROPHENOL-2,4"
34621,"2,4,6-TRICHLOROPHENOL",NA,NA,B,XX,UG/L,0,0,5,0,"TRICHLOROPHENOL-2,4,6"
34626,"2,6-DINITROTOLUENE",NA,NA,B,XX,UG/L,0,0,5,0,"DINITROTOLUENE-2,6"
34631,"3,3-DICHLOROBENZIDINE",NA,NA,B,XX,UG/L,0,0,20,0,DICHLOROBENZIDINE-3.3
34636,4-BROMOPHENYL PHENYL ETHER,NA,NA,B,XX,UG/L,0,0,5,0,BROMOPHENYL PHENYL ETHER-4
34641,4-CHLOROPHENYL PHENYL ETHER,NA,NA,B,XX,UG/L,0,0,5,0,CHLOROPHENYL PHENYL ETHER-4
34646,4-NITROPHENOL,NA,NA,X,XX,UG/L,0,0,5,0,NITROPHENOL-4
34657,"2-METHYL-4,6-DINITROPHENOL",NA,NA,B,XX,UG/L,0,0,5,0,"METHYLDINITROPHENOL-2-4,6"
34668,DICHLORODIFLUOROMETHANE (FREON 12),FREON 12,NA,P,UA,UG/L,0,0,0.5,0,DICHLORODIFLUOROMETHANE
34671,PCB-1016 (AS DECACHLOROBIPHENYL (DCB)),NA,NA,B,XX,UG/L,0,0,0.5,0,PCB-1016
34676,"2,3,7,8-TCDD (DIOXIN)",DIOXIN,NA,A,S2,PG/L,30,5,5,0,"DIOXIN (2,3,7,8-TCDD)"
34694,PHENOL,CARBOLIC ACID,NA,B,XX,UG/L,0,4200,5,0,PHENOL
34696,NAPHTHALENE,NA,NA,B,UB,UG/L,0,0,0.5,0,NAPHTHALENE
34699,"TRANS-1,3-DICHLOROPROPENE",D-D,NA,A,XX,UG/L,0,0,0,0.2,"DICHLOROPROPENE-TRANS-1,3"
34704,"CIS-1,3-DICHLOROPROPENE",D-D,NA,A,XX,UG/L,0,0.5,0,0.2,"CIS-1,3-DICHLOROPROPENE"
38260,FOAMING AGENTS (MBAS),MBAS,NA,T,GP,MG/L,0.5,0.5,0,0,FOAMING AGENTS (MBAS)
38404,AMINOCARB,MATACIL,NA,A,XX,UG/L,0,0,0,0,AMINOCARB
38418,BARBAN,BARBAMATE,CARBYNE,A,XX,UG/L,0,0,0,0,BARBAN
38423,CHLORONEB,NA,NA,A,XX,UG/L,0,0,0,0,CHLORONEB
38429,CHLOROPROPYLATE,NA,NA,A,XX,UG/L,0,0,0,0,CHLOROPROPYLATE
38432,DALAPON,DOWPON,NA,A,S2,UG/L,200,10,10,0,DALAPON
38447,DICHLORAN,DCNA,NA,A,XX,UG/L,0,0,0,0,DICHLORAN
38454,DICROTOPHOS,BIDRIN,NA,A,XX,UG/L,0,0,0,0,DICROTOPHOS
38458,DIMETHOATE,CYGON,PHOSPHAMIDE,A,UB,UG/L,0,0,0,0,DIMETHOATE
38468,FENURON,NA,NA,A,XX,UG/L,0,0,0,0,FENURON
38473,FENURON-TCA,NA,NA,A,XX,UG/L,0,0,0,0,FENURON-TCA
38478,LINURON,NA,NA,A,XX,UG/L,0,0,0,0,LINURON
38486,MCPB,NA,NA,A,XX,UG/L,0,0,0,0,MCPB
38492,MCPP,NA,NA,A,XX,UG/L,0,0,0,0,MCPP
38500,METHIOCARB,MESUROL,NA,A,XX,UG/L,0,0,0,0,METHIOCARB
38507,MEXACARBATE,ZECTRAN,NA,A,XX,UG/L,0,0,0,0,MEXACARBATE
38512,MONURON,MONUREX,NA,A,XX,UG/L,0,0,0,0,MONURON
38517,MONURON-TCA,NA,NA,A,XX,UG/L,0,0,0,0,MONURON-TCA
38522,NEBURON,NA,NA,A,XX,UG/L,0,0,0,0,NEBURON
38533,PROPACHLOR,RAMROD,NA,A,UC,UG/L,0,0.5,0.5,0,PROPACHLOR
38537,PROPOXUR,BAYGON,NA,A,XX,UG/L,0,0,0,0,PROPOXUR
38542,SECBUMETON,SUMITOL,ETAZINE,A,XX,UG/L,0,0,0,0,SECBUMETON
38548,SIDURON,TUPERSAN,NA,A,XX,UG/L,0,0,0,0,SIDURON
38555,SWEP,NA,NA,A,XX,UG/L,0,0,0,0,SWEP
38559,TERBUTHYLAZINE,GARDOPRIM,NA,A,XX,UG/L,0,0,0,0,TERBUTHYLAZINE
38705,BENOMYL,BENLATE,NA,A,XX,UG/L,0,0,100,0,BENOMYL
38710,BENTAZON,BASAGRAN,NA,A,S2,UG/L,18,2,2,18,BENTAZON
38735,CARBENDAZIM,MBC,NA,A,XX,UG/L,0,0,0,0,CARBENDAZIM
38746,"2,4-DB",BUTOXONE,NA,A,XX,UG/L,0,0,0,0,"DB-2,4"
38761,DIBROMOCHLOROPROPANE (DBCP),DBCP,DIBROMOCHLOROPROPANE,A,S2,UG/L,0.2,0.01,0.01,0.002,DIBROMOCHLOROPROPANE (DBCP)
38775,DDVP,DICHLORVOS,NA,A,XX,UG/L,0,0,0,0,DDVP
38783,DIOXATHION,NA,NA,A,XX,UG/L,0,0,0,0,DIOXATHION
38797,FENSULFOTHION,DASANIT,NA,A,XX,UG/L,0,0,0,0,FENSULFOTHION
38801,FENTHION,BAYTEX,NA,A,XX,UG/L,0,0,0,0,FENTHION
38806,FERBAM,CARBAMATE,FERMATE,A,XX,UG/L,0,0,0,0,FERBAM
38811,FLUOMETURON,NA,NA,A,XX,UG/L,0,0,0,0,FLUOMETURON
38815,HEXAZINONE,VELPAR,NA,A,XX,UG/L,0,0,0,0,HEXAZINONE
38831,MANCOZEB,DITHANE M-45,BUNTOSAN,A,XX,UG/L,0,0,0,0,MANCOZEB
38835,MANEB,DITHANE M-22,MANZEB,A,XX,UG/L,0,0,20,0,MANEB
38851,NABAM,NA,NA,A,XX,UG/L,0,0,0,0,NABAM
38855,NALED,BROMEX,NA,A,XX,UG/L,0,0,0,0,NALED
38865,OXAMYL,VYDATE,NA,A,S2,UG/L,50,20,20,0,OXAMYL
38870,PHORATE,RAMPART,NA,A,XX,UG/L,0,0,0,0,PHORATE
38872,PROFLURALIN,TOLBAN,NA,A,XX,UG/L,0,0,0,0,PROFLURALIN
38877,STIROFOS,GARDONA,NA,A,XX,UG/L,0,0,0,0,STIROFOS
38882,TERBACIL,NA,NA,A,XX,UG/L,0,0,0,0,TERBACIL
38887,TERBUTRYN,IGRAN,NA,A,XX,UG/L,0,0,0,0,TERBUTRYN
38892,TRIADIMEFON,BAYLETON,NA,A,XX,UG/L,0,0,0,0,TRIADIMEFON
38897,TRICHLORONATE,NA,NA,A,XX,UG/L,0,0,0,0,TRICHLORONATE
38912,ZINEB,NA,NA,A,XX,UG/L,0,0,0,0,ZINEB
38917,ZIRAM,DITHIOCARBAMATE,NA,A,XX,UG/L,0,0,3,0,ZIRAM
38926,ENDOTHALL,ENDOTHAL,NA,A,S2,UG/L,100,45,45,0,ENDOTHALL
38927,METHAMIDOPHOS,MONITOR,NA,A,XX,UG/L,0,0,10,0,METHAMIDOPHOS
38928,ETHYLENE THIO UREA,NA,NA,A,XX,UG/L,0,0,5,0,ETHYLENE THIO UREA
38929,FENAMIPHOS,NEMACURE,NA,A,XX,UG/L,0,0,5,0,FENAMIPHOS
38935,MSMA,MONSODIUM,METHANEARSONATE,A,XX,UG/L,0,0,0,0,MSMA
39002,BENFLURALIN,BALAN,BENEFIN,A,XX,UG/L,0,0,0,0,BENFLURALIN
39014,DYLOX,TRICHLOROPHON,NA,A,XX,UG/L,0,0,0,0,DYLOX
39019,MERPHOS,FOLEX,NA,A,XX,UG/L,0,0,0,0,MERPHOS
39020,METASYSTOX,DEMETON METHYL,NA,A,XX,UG/L,0,0,0,0,METASYSTOX
39022,OVEX,DIFENSON,CHLORFENSON,A,XX,UG/L,0,0,0,0,OVEX
39024,PROPAZINE,NA,NA,A,XX,UG/L,0,0,0,0,PROPAZINE
39029,PCNB,PENTACHLORONITROBENZENE,NA,A,XX,UG/L,0,0,0,0,PCNB
39031,CAPTATOL,SANSPOR,NA,A,XX,UG/L,0,0,0,0,CAPTATOL
39032,PENTACHLOROPHENOL,PCP,NA,B,S2,UG/L,1,0.2,0.2,0.25,PENTACHLOROPHENOL
39033,ATRAZINE,AATREX,NA,A,S2,UG/L,1,0.5,0.5,3,ATRAZINE
39034,PERTHANE,ETHYLAN,NA,A,XX,UG/L,0,0,0,0,PERTHANE
39037,PROPANIL,PROPANEX,NA,A,XX,UG/L,0,0,0,0,PROPANIL
39040,"S,S,S-TRIBUTYLPHOSPHOROTRITHIOATE",DEF,NA,A,XX,UG/L,0,0,0,0,"TRIBUTYLPHOSPHOROTRITHIOATE-S,"
39045,"2,4,5-TP (SILVEX)",WEED-B-GON,NA,A,S2,UG/L,50,1,1,10,"SILVEX (2,4,5-TP)"
39051,METHOMYL,NA,NA,A,UC,UG/L,0,2,2,0,METHOMYL
39052,PROPHAM,IPC,ISOPROPYL CARBANILATE,A,XX,UG/L,0,0,0,0,PROPHAM
39053,ALDICARB,TEMIK,NA,A,UC,UG/L,0,7,3,0,ALDICARB
39054,SIMETRYN,SIMETRYNE,NA,A,XX,UG/L,0,0,0,0,SIMETRYN
39055,SIMAZINE,PRINCEP,NA,A,S2,UG/L,4,1,1,10,SIMAZINE
39056,PROMETON,PROMITOL,NA,A,XX,UG/L,0,0,0,0,PROMETON
39057,PROMETRYN,CAPARO,NA,A,UB,UG/L,0,2,2,0,PROMETRYN
39080,PROPAMIDE,KERB,TETRADIFON,A,XX,UG/L,0,0,0,0,PROPAMIDE
39100,DI(2-ETHYLHEXYL)PHTHALATE,DEHP,BIS (2-ETHYLHEXYL)PHTHALATE,B,S2,UG/L,4,3,3,4,DI(2-ETHYLHEXYL)PHTHALATE
39110,DI-N-BUTYLPHTHALATE,NA,NA,B,XX,UG/L,0,0,5,0,DI-N-BUTYLPHTHALATE
39120,BENZIDINE,NA,NA,B,XX,UG/L,0,0,5,0,BENZIDINE
39140,CRESOTE,COAL TAR,NA,A,XX,UG/L,0,0,0,0,CRESOTE
39151,MCPA,DIMETHYLAMINE SALT,NA,A,XX,UG/L,0,0,0,0,MCPA
39175,VINYL CHLORIDE,VC,NA,P,S1,UG/L,0.5,0.5,0.5,0.2,VINYL CHLORIDE
39180,TRICHLOROETHYLENE,TCE,TRICHLOROETHENE,P,S1,UG/L,5,0.5,0.5,0.8,TRICHLOROETHYLENE
39300,"4,4-DDT",NA,NA,A,XX,UG/L,0,0,0.02,0,"DDT-4,4"
39310,"4,4-DDD",NA,NA,A,XX,UG/L,0,0,0.02,0,"DDD-4,4"
39320,"4,4-DDE",NA,NA,A,XX,UG/L,0,0,0.01,0,"DDE-4,4"
39330,ALDRIN,NA,NA,A,UC,UG/L,0,0.002,0.075,0,ALDRIN
39337,ALPHA-BHC,NA,NA,A,XX,UG/L,0,0.015,0.01,0,ALPHA-BHC
39338,BETA-BHC,NA,NA,A,XX,UG/L,0,0.025,0.05,0,BETA-BHC
39340,LINDANE,GAMMA-BHC,NA,A,S2,UG/L,0.2,0.2,0.2,0.04,LINDANE
39350,CHLORDANE,CHLORDAN,NA,A,S2,UG/L,0.1,0.1,0.1,0.03,CHLORDANE
39356,METOLACHLOR,NA,NA,A,UC,UG/L,0,0,0,0,METOLACHLOR
39357,RONNEL,FENCHLORPHOS,NA,A,XX,UG/L,0,0,0,0,RONNEL
39360,DDD,TDE,NA,A,XX,UG/L,0,0,0,0,DDD
39365,DDE,NA,NA,A,XX,UG/L,0,0,0,0,DDE
39370,DDT,NA,NA,A,XX,UG/L,0,0,0,0,DDT
39380,DIELDRIN,DIELDRINE,NA,A,UC,UG/L,0,0.002,0.02,0,DIELDRIN
39390,ENDRIN,HEXADRIN,NA,A,S2,UG/L,2,0.1,0.1,0,ENDRIN
39398,ETHION,NA,NA,A,XX,UG/L,0,4,0,0,ETHION
39400,TOXAPHENE,NA,NA,A,S2,UG/L,3,1,1,0.003,TOXAPHENE
39410,HEPTACHLOR,NA,NA,A,S2,UG/L,0.01,0.01,0.01,0.01,HEPTACHLOR
39420,HEPTACHLOR EPOXIDE,NA,NA,A,S2,UG/L,0.01,0.01,0.01,0.007,HEPTACHLOR EPOXIDE
39460,CHLOROBENZILATE,NA,NA,A,XX,UG/L,0,0,0,0,CHLOROBENZILATE
39480,METHOXYCHLOR,NA,NA,A,S2,UG/L,30,10,10,100,METHOXYCHLOR
39488,PCB-1221 (AS DCB),NA,NA,B,XX,UG/L,0,0.5,0.5,0,PCB-1221
39492,PCB-1232 (AS DCB),NA,NA,B,XX,UG/L,0,0.5,0.5,0,PCB-1232
39496,PCB-1242 (AS DCB),NA,NA,B,XX,UG/L,0,0.5,0.5,0,PCB-1242
39500,PCB-1248 (AS DCB),NA,NA,B,XX,UG/L,0,0.5,0.5,0,PCB-1248
39504,PCB-1254 (AS DCB),NA,NA,B,XX,UG/L,0,0.5,0.5,0,PCB-1254
39508,PCB-1260 (AS DCB),NA,NA,B,XX,UG/L,0,0.5,0.5,0,PCB-1260
39516,"POLYCHLORINATED BIPHENYLS, TOTAL, AS DCB",TOTAL POLYCHLORINATEDBIPHENOLS,TOTAL PCBS,B,S2,UG/L,0.5,0.5,0.5,0.003,POLYCHLORINATED BIPHENYLS (TOT
39530,MALATHION,NA,NA,A,XX,UG/L,0,160,0,0,MALATHION
39540,PARATHION,NA,NA,A,XX,UG/L,0,40,0,0,PARATHION
39560,DEMETON,SYSTOX,NA,A,XX,UG/L,0,0,0,0,DEMETON
39570,DIAZINON,NA,NA,A,XX,UG/L,0,0,0,0,DIAZINON
39580,GUTHION,AZINPHOS METHYL,NA,A,XX,UG/L,0,0,0,0,GUTHION
39600,METHYL PARATHION,NA,NA,A,XX,UG/L,0,2,0,0,METHYL PARATHION
39610,PHOSDIN,MEVINPHOS,NA,A,XX,UG/L,0,0,0,0,PHOSDIN
39620,TEPP,TETRAETHYLDIPHOSPHATE,NA,A,XX,UG/L,0,0,0,0,TEPP
39640,CAPTAN,CAPTANE,NA,A,XX,UG/L,0,1.5,0,0,CAPTAN
39650,DIURON,KARMEX,NA,A,UB,UG/L,0,0,0,0,DIURON
39700,HEXACHLOROBENZENE,NA,NA,B,S2,UG/L,1,0.5,0.5,0.02,HEXACHLOROBENZENE
39720,PICLORAM,TORDON,NA,A,S2,UG/L,500,1,1,0,PICLORAM
39730,"2,4-D",NA,NA,A,S2,UG/L,70,10,10,0,"D-2,4"
39740,"2,4,5-T",NA,NA,A,XX,UG/L,0,0,0,0,"T-2,4,5"
39755,MIREX,DECHLORANE,NA,A,XX,UG/L,0,0,0,0,MIREX
39770,DACTHAL,CHLORTHAL,DCPA,A,XX,UG/L,0,0,0,0,DACTHAL
39780,DICOFOL,NA,NA,A,XX,UG/L,0,0,0,0,DICOFOL
39786,CARBOPHENOTHION,TRITHION,NA,A,XX,UG/L,0,0,0,0,CARBOPHENOTHION
39790,METHYL TRITHION,NA,NA,A,XX,UG/L,0,0,0,0,METHYL TRITHION
39800,IMIDAN,PHOSMET,NA,A,XX,UG/L,0,0,0,0,IMIDAN
39808,TEDION,TETRADIFON,NA,A,XX,UG/L,0,0,0,0,TEDION
39920,DNOC,DINITROCRESOL,NA,A,XX,UG/L,0,0,0,0,DNOC
39930,PYRETHRINS,NA,NA,A,XX,UG/L,0,0,0,0,PYRETHRINS
39941,ROUND-UP,NA,NA,A,XX,UG/L,0,0,0,0,ROUND-UP
45046,C3-ALKYLBENZENE,PROPYLBENZENE,NA,A,XX,UG/L,0,0,0,0,ALKYLBENZENE-C3
45049,C4-ALKYLBENZENE,ETHYLDIMETHYLBENZENE,NA,A,XX,UG/L,0,0,0,0,ALKYLBENZENE-C4
45058,METHYL PHENOL,NA,NA,A,XX,UG/L,0,0,0,0,METHYL PHENOL
45606,NORTRON,ETHOFUMESATE,TRAMAT,A,XX,UG/L,0,0,0,0,NORTRON
45607,TEBUTHIURON,GRASLAN,SPIKE,A,XX,UG/L,0,0,0,0,TEBUTHIURON
45608,ALICEP,PYRAZON,CHLORBUFAM,A,XX,UG/L,0,0,0,0,ALICEP
45609,PYRAMIN,CHLORIDAZON,NA,A,XX,UG/L,0,0,0,0,PYRAMIN
45612,TERBUFOS SULFONE,NA,NA,X,XX,UG/L,0,0,0,0,TERBUFOS SULFONE
46315,ETHYL PARATHION,NA,NA,A,XX,UG/L,0,0,0,0,ETHYL PARATHION
46491,METHYL-TERT-BUTYL-ETHER (MTBE),MTBE,NA,P,UB,UG/L,13,3,3,0,METHYL-TERT-BUTYL-ETHER (MTBE)
50070,CHLORINE DIOXIDE,NA,NA,T,I,MG/L,0,0,0,0,CHLORINE DIOXIDE
50074,CHLORITE,NA,NA,T,I,MG/L,1,1,0.02,0,CHLORITE
508PN,NEGATIVE 508 (PESTICIDES-NO PCB),NA,NA,B,XX,UG/L,0,0,0,0,NEGATIVE 508 (PESTICIDES-NO PC
52.1N,NEGATIVE 502.1,NA,NA,P,XX,UG/L,0,0,0,0,NEGATIVE 502.1
52.2N,NEGATIVE 502.2,NA,NA,P,XX,UG/L,0,0,0,0,NEGATIVE 502.2
525-N,NEGATIVE 525 (BNA),NA,NA,B,XX,UG/L,0,0,0,0,NEGATIVE 525 (BNA)
53.1N,NEGATIVE 503.1,NA,NA,P,XX,UG/L,0,0,0,0,NEGATIVE 503.1
54.1N,NEGATIVE 524.1,NA,NA,P,XX,UG/L,0,0,0,0,NEGATIVE 524.1
54.2N,NEGATIVE 524.2,NA,NA,P,XX,UG/L,0,0,0,0,NEGATIVE 524.2
601-N,METHOD 601 NEGATIVE - NO 602 REPORTED,NA,NA,P,XX,NA,0,0,0,0,METHOD 601 NEGATIVE - NO 602 R
602-N,METHOD 602 NEGATIVE - NO 601 REPORTED,NA,NA,P,XX,NA,0,0,0,0,METHOD 602 NEGATIVE - NO 601 R
608-N,METHOD 608 NEGATIVE - AG'S STORED SEPERATELY,NA,NA,B,XX,NA,0,0,0,0,METHOD 608 NEGATIVE - AG'S STO
625-N,NEGATIVE 625 (BNA),NA,NA,B,XX,UG/L,0,0,0,0,NEGATIVE 625 (BNA)
70300,TOTAL DISSOLVED SOLIDS,TDS,TOTAL FILTERABLE RESIDUE,T,GP,MG/L,1e3,1000,0,0,TOTAL DISSOLVED SOLIDS
70314,CHLOROTHALONIL,DACONIL,BRAVO,A,UB,UG/L,0,5,5,0,CHLOROTHALONIL
71813,LANGELIER INDEX @ 60 C,NA,NA,T,XX,NA,0,0,0,0,LANGELIER INDEX @ 60 C
71814,LANGELIER INDEX AT SOURCE TEMP.,NA,NA,T,XX,NA,0,0,0,0,LANGELIER INDEX AT SOURCE TEMP
71830,HYDROXIDE ALKALINITY,OH,HYDROXIDE,T,GP,MG/L,0,0,0,0,HYDROXIDE ALKALINITY
71850,NITRATE (AS NO3),NA,NA,T,NI,MG/L,45,23,2,45,NITRATE (AS NO3)
71865,IODIDE,NA,NA,T,XX,MG/L,0,0,0,0,IODIDE
71875,HYDROGEN SULFIDE,NA,NA,T,XX,MG/L,0,0,0,0,HYDROGEN SULFIDE
71880,FORMALDEHYDE,NA,NA,A,XX,MG/L,100,100,0,0,FORMALDEHYDE
71900,MERCURY,HG,NA,T,IO,UG/L,2,2,1,2,MERCURY
73283,N-NITROSOPIPERIDINE (NPIP),NA,NA,B,XX,UG/L,0,0,0,0,N-NITROSOPIPERIDINE (NPIP)
73509,AMINOTRIAZOLE,AMITROLE,NA,A,XX,UG/L,0,0,0,0,AMINOTRIAZOLE
77000,CARBON DIOXIDE,NA,NA,T,XX,UG/L,0,0,0,0,CARBON DIOXIDE
77001,ACETALDEHYDE,NA,NA,P,XX,UG/L,0,0,0,0,ACETALDEHYDE
77004,ETHANOL,ALCOHOL,ETHYL ALCOHOL,A,XX,UG/L,0,0,0,0,ETHANOL
77015,ISOPROPYL ALCOHOL,NA,ISOPROPYL ALCOHOL,P,XX,UG/L,0,0,0,0,NA
77023,ETHYLENE GLYCOL,NA,NA,A,XX,UG/L,14e3,0,0,0,ETHYLENE GLYCOL
77035,TERT-BUTYL ALCOHOL,2-METHYL-2-PROPANOL,NA,P,XX,UG/L,0,0,2,0,TERT-BUTYL ALCOHOL
77041,CARBON DISULFIDE,NA,NA,P,XX,UG/L,0,0,0.5,0,CARBON DISULFIDE
77057,VINYL ACETATE,NA,NA,X,XX,UG/L,0,0,0,0,VINYL ACETATE
77093,"CIS-1,2-DICHLOROETHYLENE","C-1,2-DCE",NA,P,S1,UG/L,6,0.5,0.5,6,"CIS-1,2-DICHLOROETHYLENE"
77128,STYRENE,NA,NA,P,S1,UG/L,100,0.5,0.5,0,STYRENE
77135,O-XYLENE,NA,NA,P,XX,UG/L,0,0,0.5,1750,O-XYLENE
77168,"1,1-DICHLOROPROPENE",NA,NA,P,UA,UG/L,0,0.5,0.5,0,"DICHLOROPROPENE-1,1"
77170,"2,2-DICHLOROPROPANE",NA,NA,P,UA,UG/L,0,0.5,0.5,0,"DICHLOROPROPANE-2,2"
77173,"1,3-DICHLOROPROPANE",NA,NA,P,UA,UG/L,0,0.5,0.5,0,"DICHLOROPROPANE-1,3"
77221,"1,2,3-TRIMETHYLBENZENE",NA,NA,P,XX,UG/L,0,0,0.5,0,"TRIMETHYLBENZENE-1,2,3"
77222,"1,2,4-TRIMETHYLBENZENE",NA,NA,P,UB,UG/L,0,0,0.5,0,"TRIMETHYLBENZENE-1,2,4"
77223,ISOPROPYLBENZENE,NA,NA,P,UB,UG/L,0,0,0.5,0,ISOPROPYLBENZENE
77224,1-PHENYLPROPANE (N-PROPYLBENZENE),N-PROPYLBENZENE,NA,P,UB,UG/L,0,0,0.5,0,PHENYLPROPANE-1 (N-PROPYLBENZE
77226,"1,3,5-TRIMETHYLBENZENE",MESITYLENE,NA,P,UB,UG/L,0,0,0.5,0,"TRIMETHYLBENZENE-1,3,5"
77285,"1,4-DICHLOROBUTANE",NA,NA,X,XX,UG/L,0,0,0,0,"DICHLOROBUTANE-1,4"
77288,DICHLOROACETIC ACID (DCAA),DCAA,NA,P,NA,UG/L,0,0,1,0,DICHLOROACETIC ACID (DCAA)
77350,SEC-BUTYLBENZENE,NA,NA,P,UB,UG/L,0,0.5,0.5,0,SEC-BUTYLBENZENE
77353,TERT-BUTYLBENZENE,NA,NA,P,UB,UG/L,0,0.5,0.5,0,TERT-BUTYLBENZENE
77356,CUMENE,1-METHYL-4-ISOPROPYLBENZENE,NA,P,XX,UG/L,0,0,0,0,CUMENE
77403,SALICYLIC ACID,NA,NA,X,XX,UG/L,0,0,0,0,SALICYLIC ACID
77441,1-NAPHTHOL,NA,NA,B,XX,UG/L,0,0,0,0,NAPHTHOL-1
77443,"1,2,3-TRICHLOROPROPANE","1,2,3-TCP",NA,P,UA,UG/L,0,0.005,0.005,0,"TRICHLOROPROPANE-1,2,3"
77548,CHLOROPICRIN,NA,NA,A,XX,UG/L,0,50,1,0,CHLOROPICRIN
77562,"1,1,1,2-TETRACHLOROETHANE",NA,NA,P,UA,UG/L,0,0.5,0.5,0,"TETRACHLOROETHANE-1,1,1,2"
77596,DIBROMOMETHANE,NA,NA,P,UA,UG/L,0,0.5,0.5,0,DIBROMOMETHANE
77613,"1,2,3-TRICHLOROBENZENE",NA,NA,P,UB,UG/L,0,0.5,0.5,0,"TRICHLOROBENZENE-1,2,3"
77614,"1,3,5-TRICHLOROBENZENE",NA,NA,P,XX,UG/L,0,0,0,0,"TRICHLOROBENZENE-1,3,5"
77651,ETHYLENE DIBROMIDE (EDB),EDB,"1,2-DIBROMOETHANE",A,S2,UG/L,0.05,0.02,0.02,0.01,ETHYLENE DIBROMIDE (EDB)
77700,CARBARYL,SEVIN,NA,A,UC,UG/L,0,700,5,0,CARBARYL
77745,NONYLPHENOL,NA,NA,X,XX,UG/L,0,0,0,0,NONYLPHENOL
77793,PENTACHLOROBENZENE,NA,NA,A,XX,UG/L,0,0,0,0,PENTACHLOROBENZENE
77822,NONADECANE (N),NA,NA,A,XX,UG/L,0,0,0,0,NONADECANE (N)
77825,ALACHLOR,ALANEX,NA,A,S2,UG/L,2,1,1,0.4,ALACHLOR
77860,BUTACHLOR,NA,NA,A,UC,UG/L,0,0.38,0.38,0,BUTACHLOR
77953,CHLORDIMEFORM,CHLORPHENAMIDINE,NA,A,XX,UG/L,0,0,0,0,CHLORDIMEFORM
77969,CHLORPYRIFOS,DURSBAN,LORSBAN,A,XX,UG/L,0,0,1,0,CHLORPYRIFOS
77970,CHLOROTOLUENE,NA,NA,P,XX,UG/L,0,0,0,0,CHLOROTOLUENE
78004,DIPHENAMIDE,ENIDE,NA,A,XX,UG/L,0,200,100,0,DIPHENAMIDE
78116,N-OCTACOSANE,NA,NA,X,XX,UG/L,0,0,0,0,N-OCTACOSANE
78132,P-XYLENE,NA,NA,P,XX,UG/L,0,0,0.5,1750,P-XYLENE
78136,TRIMETHYL BENZENE,NA,NA,A,XX,UG/L,0,0,0,0,TRIMETHYL BENZENE
78151,ETHYLENEDIAMINE TETRA-ACETIC ACID (EDTA),NA,NA,X,XX,UG/L,0,0,0,0,ETHYLENEDIAMINE TETRA-ACETIC A
78200,N-NITROSODIETHYLAMINE (NDEA),NDEA,NA,B,XX,UG/L,0,0,0,0,N-NITROSODIETHYLAMINE (NDEA)
78206,N-NITROSOPYRROLIDINE (NPYR),NA,NA,B,XX,UG/L,0,0,0,0,N-NITROSOPYRROLIDINE (NPYR)
78207,N-NITROSODI-N-BUTYLAMINE (NDBA),NA,NA,B,XX,UG/L,0,0,0,0,N-NITROSODI-N-BUTYLAMINE
78214,DIETHYLBENZENE,NA,NA,X,XX,UG/L,0,0,0,0,DIETHYLBENZENE
78878,KEROSENE,KEROSINE,NA,X,XX,UG/L,0,0,0,0,KEROSENE
78879,METHIDATHION,SUPRACIDE,NA,A,XX,UG/L,0,0,0,0,METHIDATHION
78880,TOPSIN-MR,THIOPHANATE,NA,A,XX,UG/L,0,0,0,0,TOPSIN-MR
78881,PHOSPHAMIDON,DIMECRON,NA,A,XX,UG/L,0,0,0,0,PHOSPHAMIDON
78882,DIFENZOQUAT,AVENGE,NA,A,XX,UG/L,0,0,0,0,DIFENZOQUAT
78883,MODOWN,BIFENOX,NA,A,XX,UG/L,0,0,0,0,MODOWN
78884,ORYZALIN,SURFLAN,NA,A,XX,UG/L,0,0,10,0,ORYZALIN
78885,DIQUAT,REGLONE,NA,A,S2,UG/L,20,4,4,15,DIQUAT
79191,PERMETHRIN,AMBUSH,POUNCE,A,XX,UG/L,0,0,0,0,PERMETHRIN
79193,ACIFLURFEN,BLAZER,NA,A,XX,UG/L,0,0,0,0,ACIFLURFEN
79194,FLUCHLORALIN,BASALIN,NA,A,XX,UG/L,0,0,0,0,FLUCHLORALIN
79195,NAPROPAMIDE,DEVRINOL,NA,A,XX,UG/L,0,0,0,0,NAPROPAMIDE
79743,GLYPHOSATE,NA,NA,A,S2,UG/L,700,25,25,700,GLYPHOSATE
81281,CHLORDECONE,KEPONE,NA,A,XX,UG/L,0,0,0,0,CHLORDECONE
81284,TRIFLURALIN,TREFLAN,NA,A,XX,UG/L,0,0,0,0,TRIFLURALIN
81285,ZYTRON,DMPA,NA,A,XX,UG/L,0,0,0,0,ZYTRON
81287,DINOSEB,DNBP,BASANITE,A,S2,UG/L,7,2,2,0,DINOSEB
81290,EPN,NA,NA,A,XX,UG/L,0,0,0,0,EPN
81291,PHOSALONE,ZOLONE,NA,A,XX,UG/L,0,0,0,0,PHOSALONE
81292,AZINPHOS ETHYL,NA,NA,A,XX,UG/L,0,0,0,0,AZINPHOS ETHYL
81293,COUMAPHOS,CO-RAL,BAYMIX,A,XX,UG/L,0,0,0,0,COUMAPHOS
81294,DYFONATE,FONOFOS,NA,A,XX,UG/L,0,0,0,0,DYFONATE
81303,NITROFEN,NA,NA,A,XX,UG/L,0,0,0,0,NITROFEN
81313,HYDRAZINE,NA,NA,X,XX,UG/L,0,0,0,0,HYDRAZINE
81322,CHLOROPROPHAM,CIPC,NA,A,XX,UG/L,0,0,0,0,CHLOROPROPHAM
81327,DICHLOROPROPANE,NA,NA,A,XX,UG/L,0,0,0,0,DICHLOROPROPANE
81360,"2,4,6-TRINITROTOLUENE (TNT)",TNT,NA,X,XX,UG/L,0,0,0,0,"TRINITROTOLUENE-2,4,6 (TNT)"
81364,"RDX (HEXAHYDRO-1,3,5-TRINITRO-1,3,5-TRIAZINE)",NA,NA,X,XX,UG/L,0,0,0,0,"RDX (HEXAHYDRO-1,3,5-TRINITRO-"
81405,CARBOFURAN,FURADAN,NA,A,S2,UG/L,18,5,5,18,CARBOFURAN
81408,METRIBUZIN,SENCORE,NA,A,UC,UG/L,0,0,0,0,METRIBUZIN
81410,BUTYLATE,SUTAN,NA,A,XX,UG/L,0,0,0,0,BUTYLATE
81436,CAFFEINE,NA,NA,X,XX,UG/L,0,0,0,0,CAFFEINE
81501,PENTACHLOROETHANE,NA,NA,P,XX,UG/L,0,0,0,0,PENTACHLOROETHANE
81551,XYLENES (TOTAL),TOTAL XYLENES,NA,P,S1,UG/L,1750,0.5,0.5,0,XYLENES (TOTAL)
81552,ACETONE,NA,NA,X,XX,UG/L,0,0,0,0,ACETONE
81555,BROMOBENZENE,NA,NA,P,UA,UG/L,0,0.5,0.5,0,BROMOBENZENE
81591,HEXANOL,NA,NA,X,XX,UG/L,0,0,0,0,HEXANOL
81595,METHYL ETHYL KETONE,MEK,BUTANONE,P,XX,UG/L,0,0,5,0,METHYL ETHYL KETONE
81596,METHYL ISOBUTYL KETONE,MIK,NA,P,XX,UG/L,0,0,5,0,METHYL ISOBUTYL KETONE
81611,"1,1,2-TRICHLORO-1,2,2-TRIFLUOROETHANE",FREON 113,TRICHLOROTRIFLUOROETHANE,P,S1,UG/L,1200,10,10,1200,"TRICHLOROTRIFLUOROETHANE-1,1,2"
81651,BISPHENOL A,NA,NA,X,XX,UG/L,0,0,0,0,BISPHENOL A
81710,M-XYLENE,NA,NA,P,XX,UG/L,0,0,0.5,1750,M-XYLENE
81757,CYANAZINE,BLADEX,NA,A,XX,UG/L,0,0,150,0,CYANAZINE
81815,ACEPHATE,ORTHENE,NA,A,XX,UG/L,0,0,10,0,ACEPHATE
81849,TETRACHLOROPHENOL,NA,NA,A,XX,UG/L,0,0,0,0,TETRACHLOROPHENOL
81855,ASBESTOS,NA,NA,T,IO,MFL,7,7,0.2,0,ASBESTOS
81888,DISULFOTON,NA,NA,A,XX,UG/L,0,0,100,0,DISULFOTON
81890,MONOCROTOPHOS,AZODRIN,NA,A,XX,UG/L,0,0,0,0,MONOCROTOPHOS
81892,CYCLOATE,RONEET,NA,A,XX,UG/L,0,0,0,0,CYCLOATE
81894,EPTC,EPTAM,NA,A,XX,UG/L,0,0,0,0,EPTC
82051,AMIBEN,CHLORAMBEN,NA,A,XX,UG/L,0,0,0,0,AMIBEN
82052,DICAMBA,BANVEL,NA,A,UC,UG/L,0,0,1.5,0,DICAMBA
82065,PROPARGITE,NA,NA,A,XX,MG/L,0,0,0,0,PROPARGITE
82078,"TURBIDITY, FIELD",NA,NA,T,XX,NTU,0,0,0.1,0,"TURBIDITY, FIELD"
82079,"TURBIDITY, LABORATORY",LAB TURBIDITY,NA,T,GP,NTU,5,5,0.1,0,"TURBIDITY, LABORATORY"
82080,TOTAL TRIHALOMETHANES,TTHM,THMS,P,TH,UG/L,80,80,0,0,TOTAL TRIHALOMETHANES
82088,TERBUFOS,NA,NA,P,XX,UG/L,0,0,0,0,TERBUFOS
82184,AMETRYN,EVIK,GESAPAX,A,XX,UG/L,0,0,0,0,AMETRYN
82185,ATRATON,GESATAMIN,NA,A,XX,UG/L,0,0,0,0,ATRATON
82197,BETASAN,BENSULIDE,NA,A,XX,UG/L,0,0,0,0,BETASAN
82198,BROMACIL,HYVAR,NA,A,UB,UG/L,0,10,10,0,BROMACIL
82199,MOLINATE,ORDRAM,HYDRAM,A,S2,UG/L,20,2,2,20,MOLINATE
82200,VERNOLATE,VERNAM,NA,A,XX,UG/L,0,0,0,0,VERNOLATE
82203,HMX,NA,NA,X,XX,UG/L,350,0,0,0,HMX
82297,CASORON,DICHLOBENIL,NA,A,XX,UG/L,0,0,0,0,CASORON
82298,BROMIDE,NA,NA,T,XX,MG/L,0,0,0,0,BROMIDE
82302,RADON 222 COUNTING ERROR,TOTAL RADON 222 COUNTING ERROR,NA,R,XX,PCI/L,0,0,0,0,RADON 222 COUNTING ERROR
82303,RADON 222,TOTAL RADON 222,NA,R,XX,PCI/L,0,0,100,0,RADON 222
82356,DICHLORPROP,"2,4-DP",NA,A,XX,UG/L,0,0,0,0,DICHLORPROP
82358,PROPANE,NA,NA,X,XX,UG/L,0,0,0,0,PROPANE
82383,AGGRSSIVE INDEX (CORROSIVITY),NA,NA,T,GP,NA,0,0,0,0,AGGRSSIVE INDEX (CORROSIVITY)
82410,PENOXALIN,PROWL,PENDIMETHALIN,A,XX,UG/L,0,0,0,0,PENOXALIN
82416,PARAQUAT,NA,NA,A,SS,UG/L,0,0,20,0,PARAQUAT
82418,CIS-PERMETHRIN,NA,NA,A,XX,UG/L,0,0,0,0,CIS-PERMETHRIN
82420,TRANS-PERMETHRIN,NA,NA,A,XX,UG/L,0,0,0,0,PERMETHRIN-TRANS
82565,CIODRIN,CROTOXYPHOS,NA,A,XX,UG/L,0,0,0,0,CIODRIN
82721,DIBROMOACETIC ACID (DBAA),DBAA,NA,P,NA,UG/L,0,0,1,0,DIBROMOACETIC ACID (DBAA)
82723,TRICHLOROACETIC ACID (TCAA),TCAA,NA,P,NA,UG/L,0,0,1,0,TRICHLOROACETIC ACID (TCAA)
998-A,PHOSTOXIN,NA,NA,A,XX,UG/L,0,0,0,0,PHOSTOXIN
99906,E.COLI,NA,NA,NA,NA,NA,0,0,0,0,NA
A-001,THIOBENCARB,BOLERO,BENTHIOCARB,A,S2,UG/L,70,1,1,70,THIOBENCARB
A-002,ACTI-DIONE,NA,NA,A,XX,UG/L,0,0,0,0,ACTI-DIONE
A-003,VENDEX,NA,NA,A,XX,UG/L,0,0,0,0,VENDEX
A-004,GARLON,TRICLOPYR,NA,A,XX,UG/L,0,0,0,0,GARLON
A-005,SULFOMETURON METHYL,OUST,NA,A,XX,UG/L,0,0,0,0,SULFOMETURON METHYL
A-006,CHLORSULFURON,GLEAN,DPX 4189,A,XX,UG/L,0,0,0,0,CHLORSULFURON
A-007,"1,1-DICHLOROPROPANE",NA,NA,A,XX,UG/L,0,0,0,0,"DICHLOROPROPANE-1,1"
A-008,2-CHLOROTOLUENE,NA,NA,P,UA,UG/L,0,0.5,0.5,0,CHLOROTOLUENE-2
A-009,4-CHLOROTOLUENE,NA,NA,P,UA,UG/L,0,140,0.5,0,CHLOROTOLUENE-4
A-010,N-BUTYLBENZENE,NA,NA,P,UB,UG/L,0,70,0.5,0,N-BUTYLBENZENE
A-011,P-ISOPROPYLTOLUENE,NA,NA,P,UB,UG/L,0,0,0,0,P-ISOPROPYLTOLUENE
A-012,BROMOCHLOROMETHANE,NA,NA,P,UB,UG/L,0,0.5,0.5,0,BROMOCHLOROMETHANE
A-013,D-D MIXTURE,NA,NA,A,XX,UG/L,0,0,0,0,D-D MIXTURE
A-014,"M,P-XYLENE",NA,NA,P,XX,UG/L,0,0,0.5,1750,"M,P-XYLENE"
A-015,"BIS 1,1-DIMETHYLPEROXIDE",NA,NA,X,XX,UG/L,0,0,0,0,"DIMETHYLPEROXIDE-1,1 BIS"
A-016,LONDAX,BENSULFURON METHYL,NA,A,XX,UG/L,0,0,0,0,LONDAX
A-018,"BIS 1,1-DIMETHYLETHYLPEROXIDE",NA,NA,X,XX,UG/L,0,0,0,0,"DIMETHYLETHYLPEROXIDE-1,1 BIS"
A-019,ALDICARB SULFOXIDE,NA,NA,A,UC,UG/L,0,3,3,0,ALDICARB SULFOXIDE
A-020,ALDICARB SULFONE,STANDAK,ALDOXYCARB,A,UC,UG/L,0,4,4,0,ALDICARB SULFONE
A-021,3-HYDROXYCARBOFURAN,3-HYDROXY CARBOFURAN,NA,A,UC,UG/L,0,3,3,0,HYDROXYCARBOFURAN-3
A-026,DI(2-ETHYLHEXYL)ADIPATE,DI(ETHYLHEXYL)ADIPATE,NA,B,S2,UG/L,400,5,5,0,DI(2-ETHYLHEXYL)ADIPATE
A-027,BROMATE,NA,NA,T,XX,UG/L,10,10,5,0,BROMATE
A-028,URANIUM COUNTING ERROR,NATURAL URANIUM COUNTING ERROR,NA,R,RA,PCI/L,0,0,0,0,URANIUM COUNTING ERROR
A-029,NITRATE + NITRITE (AS N),NA,NA,T,NI,UG/L,1e4,5000,400,0,NITRATE + NITRITE (AS N)
A-031,PERCHLORATE,NA,NA,T,IO,UG/L,6,4,4,0,PERCHLORATE
A-032,"1,4-DIOXANE",NA,NA,P,XX,UG/L,0,1,1,0,"DIOXANE-1,4"
A-033,ETHYL-TERT-BUTYL ETHER,ETBE,NA,P,XX,UG/L,0,0,3,0,ETHYL-TERT-BUTYL ETHER
A-034,TERT-AMYL-METHYL ETHER,TAME,NA,P,XX,UG/L,0,0,3,0,TERT-AMYL-METHYL ETHER
A-035,FLUORIDE (TREATMENT RELATED-DISTRIBUTION),NA,NA,T,IO,MG/L,0,0,0.1,0,FLUORIDE (TREATMENT-DISTRIBUTI
A-036,DIISOPROPYL ETHER,DIPE,NA,P,XX,UG/L,0,0,3,0,DIISOPROPYL ETHER
A-037,CHLORATE,NA,NA,T,I,UG/L,0,200,20,0,CHLORATE
A-038,BROMOCHLOROACETIC ACID (BCAA),BCAA,NA,P,NA,UG/L,0,0,1,0,BROMOCHLOROACETIC ACID (BCAA)
A-039,BROMODICHLOROACETIC ACID (BDCAA),BDCAA,NA,P,NA,UG/L,0,0,1,0,BROMODICHLOROACETIC ACID (BDCA
A-040,DIBROMOCHLOROACETIC ACID (CDBAA),CDBAA,NA,P,NA,UG/L,0,0,2,0,DIBROMOCHLOROACETIC ACID (CDBA
A-041,MONOBROMOACETIC ACID (MBAA),MBAA,NA,P,NA,UG/L,0,0,1,0,MONOBROMOACETIC ACID (MBAA)
A-042,MONOCHLOROACETIC ACID (MCAA),MCAA,NA,P,NA,UG/L,0,0,2,0,MONOCHLOROACETIC ACID (MCAA)
A-043,TRIBROMOACETIC ACID (TBAA),TBAA,NA,P,NA,UG/L,0,0,4,0,TRIBROMOACETIC ACID (TBAA)
A-044,CHROMIUM (TOTAL CR-CRVI SCREEN),NA,NA,X,IO,UG/L,0,0,1,0,CHROMIUM (TOTAL CR-CRVI SCREEN
A-045,DCPA (TOTAL DI & MONO ACID DEGRADATES),NA,NA,A,XX,UG/L,0,0,0,0,DCPA (TTL DI & MONO ACID DEGR)
A-046,2-METHYLPHENOL,NA,NA,P,XX,UG/L,0,0,0,0,METHYLPHENOL-2
A-047,TERTIARY BUTYL FORMATE (TBF),TBF,NA,P,XX,UG/L,0,0,0,0,TERTIARY BUTYL FORMATE (TBF)
A-048,GLYOXAL,NA,NA,P,XX,UG/L,0,0,0,0,GYLOXAL
A-049,HALOACETIC ACIDS (5) (HAA5),NA,NA,P,NA,UG/L,60,60,0,0,HALOACETIC ACIDS (5) (HAA5)
A-050,"4,6-DINITRO-O-CRESOL",NA,NA,X,XX,UG/L,0,0,0,0,"4,6-DINITRO-O-CRESOL"
A-051,ETHINYL ESTRADIOL,NA,NA,X,XX,UG/L,0,0,0,0,ETHINYL ESTRADIOL
A-052,17-B ESTRADIOL,NA,NA,X,XX,UG/L,0,0,0,0,17-B ESTRADIOL
A-053,ESTRONE,NA,NA,X,XX,UG/L,0,0,0,0,ESTRONE
A-054,NONYLPHENOL POLYETHOXYLATE(S),NA,NA,X,XX,UG/L,0,0,0,0,NONYLPHENOL POLYETHOXYLATE(S)
A-055,OCTYLPHENOL,NA,NA,X,XX,UG/L,0,0,0,0,OCTYLPHENOL
A-056,OCTYLPHENOL POLYETHOXYLATE(S),NA,NA,X,XX,UG/L,0,0,0,0,OCTYLPHENOL POLYETHOXYLATE(S)
A-057,POLYBROMINATED DIPHENYL ETHERS,NA,NA,X,XX,UG/L,0,0,0,0,POLYBROMINATED DIPHENYL ETHERS
A-058,ACETAMINOPHEN,NA,NA,X,XX,UG/L,0,0,0,0,ACETAMINOPHEN
A-059,AMOXICILLIN,NA,NA,X,XX,UG/L,0,0,0,0,AMOXICILLIN
A-060,AZITHROMYCIN,NA,NA,X,XX,UG/L,0,0,0,0,AZITHROMYCIN
A-061,CARBAMAZEPINE,NA,NA,X,XX,UG/L,0,0,0,0,CARBAMAZEPINE
A-062,CIPROFLOXACIN,NA,NA,X,XX,UG/L,0,0,0,0,CIPROFLOXACIN
A-063,GEMFIBROZIL,NA,NA,X,XX,UG/L,0,0,0,0,GEMFIBROZIL
A-064,IBUPROFEN,NA,NA,X,XX,UG/L,0,0,0,0,IBUPROFEN
A-065,IODINATED CONTRAST MEDIA,NA,NA,X,XX,UG/L,0,0,0,0,IODINATED CONTRAST MEDIA
A-066,LIPITOR,NA,NA,X,XX,UG/L,0,0,0,0,LIPITOR
A-067,METHADONE,NA,NA,X,XX,UG/L,0,0,0,0,METHADONE
A-068,MORPHINE,NA,NA,X,XX,UG/L,0,0,0,0,MORPHINE
A-069,TRICLOSAN,NA,NA,X,XX,UG/L,0,0,0,0,TRICLOSAN
A-070,N-NITROSOMETHYLETHYLAMINE (NMEA),NA,NA,B,XX,UG/L,0,0,0,0,N-NITROSOMETHYLETHYLAMINE
A-071,GROSS BETA CALCULATED DOSE EQUIVALENT,NA,NA,R,RA,MREM/Y,4,4,0,0,NA
A-072,GROSS ALPHA MDA95,NA,NA,R,RA,PCI/L,0,0,0,0,NA
A-073,URANIUM MDA95,NA,NA,R,RA,PCI/L,0,0,0,0,NA
A-074,RADIUM 226 MDA95,NA,NA,R,RA,PCI/L,0,0,0,0,NA
A-075,RADIUM 228 MDA95,NA,NA,R,RA,PCI/L,0,0,0,0,NA
A-076,COMBINED RA 226 + RA 228 MDA95,NA,NA,R,RA,PCI/L,0,0,0,0,NA
A-077,GROSS BETA MDA95,NA,NA,R,RA,PCI/L,0,0,0,0,NA
A-078,STRONTIUM - 90 MDA95,NA,NA,R,RA,PCI/L,0,0,0,0,NA
A-079,TRITIUM MDA95,NA,NA,R,RA,PCI/L,0,0,0,0,NA
A-080,RA-226 FOR CWS OR TOTAL RA FOR NTNC BY 903.0,NA,NA,R,RA,PCI/L,0,5,0,0,RA-226 FOR CWS OR TOTAL RA FOR
A-081,RA-226 OR TOTAL RA BY 903.0 C.E.,NA,NA,R,RA,PCI/L,0,0,0,0,RA-226 OR TOTAL RA BY 903.0 C.
A-082,"RADIUM, TOTAL, MDA95-NTNC ONLY, BY 903.0",NA,NA,R,RA,PCI/L,0,0,0,0,"RADIUM, TOTAL, MDA95-NTNC ONLY"
A-083,"1,3-DINITROBENZENE",NA,NA,X,XX,UG/L,0,0,0,0,"1,3-DINITROBENZENE"
A-084,"2,2',4,4'-TETRABROMODIPHENYL ETHER",NA,NA,X,XX,UG/L,0,0,0,0,"2,2',4,4'-TETRABROMODIPHENYL E"
A-085,"2,2',4,4',5-PENTABROMODIPHENYL ETHER",NA,NA,X,XX,UG/L,0,0,0,0,"2,2',4,4'-5-PENTABROMODIPHENYL"
A-086,"2,2',4,4',5,5'-HEXABROMOBIPHENYL (HBB)",NA,NA,X,XX,UG/L,0,0,0,0,"2,2',4,4',5,5'-HEXABROMOBIPHEN"
A-087,"2,2',4,4',5,5'-HEXABROMODIPHENYL ETHER",53,NA,X,XX,UG/L,0,0,0,0,"2,2',4,4',5,5'-HEXABROMODIPHEN"
A-088,"2,2',4,4',6-PENTABROMODIPHENYL ETHER",NA,NA,X,XX,UG/L,0,0,0,0,"2,2',4,4',6-PENTABROMODIPHENYL"
A-089,ACETOCHLOR ETHANE SULFONIC ACID,ACETOCHLOR ESA,NA,X,XX,UG/L,0,0,0,0,ACETOCHLOR ESA
A-090,ACETOCHLOR OXANILIC ACID,ACETOCHLOR OA,NA,X,XX,UG/L,0,0,0,0,ACETOCHLOR OA
A-091,ALACHLOR OXANILIC ACID,ALACHLOR OA,NA,X,XX,UG/L,0,0,0,0,ALACHLOR OA
A-092,METOLACHLOR ETHANE SULFONIC ACID,METOLACHLOR ESA,NA,X,XX,UG/L,0,0,0,0,METOLACHLOR ESA
A-093,METOLACHLOR OXANILIC ACID,METOLACHLOR OA,NA,X,XX,UG/L,0,0,0,0,METOLACHLOR OA
A-094,ALACHLOR ETHANE SULFONIC ACID,ALACHLOR ESA,NA,X,XX,UG/L,0,0,0,0,ALACHLOR ESA
A-095,"3,5-DICHLOROBENZOIC ACID","DCBA 3,4",NA,X,XX,UG/L,0,0,0,0,NA
B-NEG,NEGATIVE BASE/NEUTRAL & ACID ANALYSIS,NA,NA,B,XX,NA,0,0,0,0,NEGATIVE BASE/NEUTRAL & ACID A
GWR,GROUND WATER RULE,NA,NA,NA,NA,NA,0,0,0,0,NA
P-NEG,NEGATIVE PURGEABLE ORGANIC ANALYSIS,NA,NA,P,XX,NA,0,0,0,0,NEGATIVE PURGEABLE ORGANIC ANA
R7500,PUBLIC NOTIFICATION RULE,NA,NA,NA,XX,NA,0,0,0,0,PUBLIC NOTIFICATION RULE
THMN,"NEGATIVE TRIHALOMETHANES (501.1,501.2,&501.3)",NA,NA,P,XX,UG/L,0,0,0,0,NEGATIVE TRIHALOMETHANES (501.
